time,flux
3106.7329800758616,3685.0271
3106.7343689589848,3696.5229
3106.7357578421083,3693.1509
3106.737146724766,3684.1484
3106.738535607889,3691.7466
3106.7399244910125,3683.6191
3106.7413133741356,3692.1191
3106.7427022572583,3687.8384
3106.744091140382,3683.5947
3106.7454800230394,3689.803
3106.7468689061616,3693.8635
3106.7482577892847,3685.5415
3106.7496466724083,3671.5969
3106.7510355555314,3681.2224
3106.752424438654,3699.9333
3106.753813321312,3683.2815
3106.755202204435,3711.5679
3106.7565910875583,3696.8899
3106.757979970682,3712.2632
3106.7593688538054,3709.3582
3106.7607577364624,3704.9778
3106.7621466195856,3694.5647
3106.7635355027096,3676.6006
3106.764924385832,3692.8813
3106.766313268954,3679.5759
3106.767702151612,3699.0222
3106.7690910347346,3682.9368
3106.7704799178578,3674.8708
3106.7718688009813,3684.1174
3106.7732576836397,3689.3145
3106.7746465667624,3700.7412
3106.7760354498855,3683.1418
3106.777424333009,3700.3403
3106.7788132156666,3674.6816
3106.7802020987892,3678.2517
3106.781590981913,3693.2515
3106.7829798650364,3697.7532
3106.7843687476925,3688.488
3106.7857576308156,3699.6074
3106.787146513939,3686.4763
3106.7885353970623,3696.1624
3106.7899242797193,3708.0151
3106.791313162843,3699.8313
3106.7927020459665,3686.1716
3106.794090929089,3670.1287
3106.795479811747,3675.2295
3106.7968686948698,3696.1089
3106.798257577993,3699.4973
3106.799646460651,3685.3408
3106.801035343775,3705.7917
3106.8024242268975,3666.8081
3106.805201992677,3713.0681
3106.8065908758,3690.3347
3106.807979758923,3677.5515
3106.8093686415814,3697.7271
3106.810757524704,3683.9243
3106.812146407827,3679.1802
3106.813535290485,3669.446
3106.8149241736087,3659.6028
3106.816313056732,3697.2891
3106.817701939389,3686.312
3106.8190908225124,3685.2861
3106.820479705636,3698.7283
3106.821868588293,3685.9709
3106.8232574714157,3711.7048
3106.8246463545383,3698.3064
3106.8260352371954,3684.9543
3106.827424120319,3689.4558
3106.828813003443,3687.6064
3106.8302018861004,3697.1055
3106.831590769223,3702.082
3106.8329796523467,3707.2544
3106.8343685350037,3685.5847
3106.835757418127,3674.8315
3106.837146301251,3692.6853
3106.838535183908,3679.1487
3106.839924067031,3699.4731
3106.841312949689,3693.7964
3106.842701832812,3673.5703
3106.844090715934,3687.3508
3106.8454795985917,3686.0391
3106.8468684817153,3693.3035
3106.848257364838,3683.6086
3106.8496462474955,3677.9878
3106.851035130619,3699.9263
3106.8524240132765,3695.1533
3106.853812896399,3690.0332
3106.855201779057,3679.0562
3106.856590662181,3682.2834
3106.8579795453043,3683.3376
3106.8593684279613,3683.4304
3106.860757311085,3687.8079
3106.8621461937414,3706.6284
3106.8635350768636,3682.7241
3106.8649239599877,3715.9253
3106.866312842645,3704.0913
3106.867701725768,3697.866
3106.8690906084257,3683.387
3106.8704794915493,3697.7485
3106.8718683742063,3684.6802
3106.87325725733,3679.041
3106.874646139988,3708.1953
3106.8760350231105,3689.5527
3106.8774239062336,3677.4531
3106.8788127888915,3678.9236
3106.8802016720147,3685.9507
3106.8815905546717,3674.7583
3106.8829794377953,3684.4307
3106.8843683204523,3700.9658
3106.885757203575,3702.6323
3106.8871460862324,3698.9922
3106.888534969356,3693.9548
3106.8899238520135,3689.1526
3106.891312735136,3702.4148
3106.8927016177945,3690.8354
3106.8940905009176,3701.5959
3106.8954793835746,3700.0938
3106.896868266698,3683.2205
3106.898257149356,3681.8057
3106.8996460324793,3681.2451
3106.9010349151367,3691.2529
3106.9024237982594,3693.5935
3106.9038126809164,3691.9961
3106.905201564039,3687.74
3106.906590446697,3683.554
3106.9079793298197,3699.9717
3106.9093682124776,3684.2612
3106.910757095601,3683.5432
3106.912145978259,3691.1453
3106.913534861382,3688.4905
3106.9149237440392,3696.6919
3106.916312627163,3699.9851
3106.9177015098203,3674.0332
3106.9190903929434,3712.3481
3106.9204792756013,3668.511
3106.921868158258,3684.8604
3106.92325704138,3676.8628
3106.924645924038,3675.2126
3106.9260348071616,3698.3435
3106.927423689819,3672.1431
3106.928812572942,3689.2903
3106.9302014556,3692.2349
3106.9315903387233,3685.3457
3106.9329792213803,3697.5891
3106.934368104038,3709.26
3106.935756987161,3703.8862
3106.937145869819,3687.2205
3106.9385347529424,3670.4023
3106.9399236356003,3687.9487
3106.941312518257,3694.0117
3106.942701401379,3679.8826
3106.944090284037,3694.3879
3106.94547916716,3698.2119
3106.9468680498176,3678.9438
3106.948256932941,3708.7217
3106.949645815598,3680.8611
3106.9510346982556,3701.8557
3106.952423581379,3691.416
3106.9538124640376,3687.1748
3106.9552013466946,3697.22
3106.9565902298177,3704.2236
3106.9579791124756,3691.9988
3106.9593679955988,3705.2449
3106.960756878255,3685.0139
3106.9621457609123,3685.908
3106.9635346440355,3689.4768
3106.964923526693,3684.7744
3106.966312409351,3708.54
3106.9677012924744,3681.5527
3106.969090175132,3702.8538
3106.970479057789,3698.1333
3106.9718679409125,3671.6069
3106.9732568235704,3684.8689
3106.9746457062274,3693.6694
3106.976034589351,3700.1707
3106.977423472008,3676.6289
3106.978812355131,3687.6985
3106.9802012377886,3687.2466
3106.9815901204456,3695.2463
3106.9829790031035,3696.6333
3106.984367886226,3688.9839
3106.985756768884,3682.2239
3106.987145651541,3678.1665
3106.9885345346643,3691.665
3106.989923417322,3690.5188
3106.9913122999797,3693.146
3106.992701183103,3680.1997
3106.9940900657607,3696.2378
3106.9954789484186,3700.7568
3106.9968678315417,3680.7424
3106.9982567141988,3674.5042
3106.999645596856,3688.5479
3107.001034479513,3705.6423
3107.002423362636,3688.8457
3107.003812245294,3689.2559
3107.0052011279513,3691.9561
3107.006590011074,3705.5996
3107.007978893732,3677.8149
3107.00936777639,3705.4893
3107.0107566590477,3699.2456
3107.0121455421704,3719.1938
3107.0135344248283,3702.6064
3107.0149233074853,3687.5684
3107.016312190143,3673.5645
3107.017701073267,3679.8618
3107.0190899559234,3684.8215
3107.02047883858,3687.3262
3107.021867721238,3706.9263
3107.0232566043614,3701.2441
3107.0246454870185,3712.1189
3107.026034369676,3681.0525
3107.0274232523343,3701.9941
3107.028812135457,3688.175
3107.0302010181144,3688.7761
3107.0315899007724,3699.5234
3107.03297878343,3704.6753
3107.034367666087,3656.9875
3107.0357565492104,3677.7544
3107.037145431869,3699.8926
3107.0385343145254,3676.5266
3107.039923197182,3694.332
3107.0413120803055,3699.4172
3107.042700962963,3690.3301
3107.04408984562,3694.9893
3107.045478728278,3698.8896
3107.046867610936,3701.3682
3107.048256493593,3699.4133
3107.0496453767164,3709.0818
3107.0510342593743,3695.521
3107.0524231420313,3696.7783
3107.0538120246893,3698.8818
3107.055200907347,3685.5286
3107.05658979047,3690.7427
3107.057978673127,3687.2893
3107.059367555784,3686.269
3107.060756438441,3701.3948
3107.0621453210983,3702.4421
3107.0635342037567,3695.8438
3107.0649230868803,3705.2842
3107.0663119695373,3670.1541
3107.067700852195,3687.2393
3107.0690897348527,3696.0559
3107.07047861751,3685.0134
3107.071867500167,3685.7803
3107.0732563828255,3690.3711
3107.0746452659487,3683.0615
3107.0760341486057,3700.4019
3107.0774230312627,3705.4297
3107.07881191392,3696.802
3107.0802007965776,3700.1082
3107.0815896792346,3711.8608
3107.082978561893,3701.6353
3107.0843674445505,3685.679
3107.085756327673,3699.4092
3107.087145210331,3690.0276
3107.088534092988,3691.7703
3107.089922975646,3700.8103
3107.091311858304,3692.7241
3107.092700740962,3682.9456
3107.094089623619,3704.8057
3107.0954785062763,3689.9792
3107.096867388934,3701.761
3107.09825627159,3680.488
3107.0996451547135,3688.2625
3107.1010340373714,3705.8906
3107.1024229200284,3687.2783
3107.103811802686,3710.1052
3107.105200685344,3697.4089
3107.1065895680017,3701.2146
3107.107978450659,3682.4353
3107.1093673333166,3681.2124
3107.1107562159746,3693.4807
3107.112145098632,3690.2219
3107.113533981289,3714.2161
3107.114922863947,3708.4944
3107.1163117466035,3697.5071
3107.11770062926,3689.6248
3107.1190895119184,3676.7107
3107.120478395042,3697.3906
3107.1218672776995,3671.4304
3107.1232561603565,3685.9419
3107.1246450430144,3690.5498
3107.1260339256714,3696.7954
3107.1274228083294,3670.5171
3107.1288116909873,3686.9719
3107.1302005736443,3686.0
3107.1315894563018,3699.8359
3107.1329783389597,3681.8025
3107.1343672216176,3692.2776
3107.135756104274,3684.6394
3107.137144986931,3692.219
3107.138533869589,3702.3643
3107.139922752246,3697.4148
3107.1413116349036,3707.145
3107.1427005175615,3696.0125
3107.144089400219,3673.5867
3107.145478282876,3691.48
3107.1468671655343,3701.9551
3107.1482560481923,3689.0808
3107.1496449308497,3695.7693
3107.1510338135067,3700.365
3107.1524226961646,3687.6155
3107.153811578822,3683.5261
3107.1552004614796,3684.6072
3107.1565893441366,3699.283
3107.1579782267936,3695.7012
3107.1593671094506,3699.7637
3107.1607559921085,3674.2402
3107.1621448747665,3687.1162
3107.1635337574244,3704.5444
3107.1649226396157,3678.0532
3107.1663115222736,3690.2854
3107.1677004049307,3704.1943
3107.169089287588,3697.4204
3107.170478170246,3692.3997
3107.1718670529035,3697.6448
3107.173255935561,3709.4871
3107.174644818219,3681.2947
3107.1760337008764,3704.9312
3107.1774225835325,3694.988
3107.17881146619,3678.2178
3107.180200348848,3669.6897
3107.1815892315053,3677.689
3107.182978114163,3690.8469
3107.1843669968207,3692.7007
3107.185755879478,3678.5601
3107.1871447616695,3690.9065
3107.1885336443274,3692.0349
3107.1899225269854,3708.5835
3107.1913114096433,3691.7485
3107.1927002923003,3683.988
3107.194089174958,3674.5073
3107.1954780576148,3682.5471
3107.1968669402713,3697.5166
3107.1982558229292,3704.1841
3107.1996447055867,3704.3386
3107.2010335877785,3686.585
3107.2024224704364,3703.6816
3107.2038113530944,3679.823
3107.2052002357514,3697.9419
3107.206589118409,3678.5923
3107.207978001067,3688.9187
3107.209366883724,3700.8342
3107.2107557663817,3692.177
3107.212144648574,3683.2561
3107.2135335312314,3712.2803
3107.2149224138875,3709.47
3107.216311296545,3685.5186
3107.2177001792024,3703.616
3107.21908906186,3693.5842
3107.220477944518,3672.1982
3107.22186682671,3696.1089
3107.2232557093675,3699.511
3107.2246445920246,3685.71
3107.2260334746825,3685.8481
3107.2274223573404,3705.0173
3107.2288112399974,3688.7546
3107.2302001221897,3673.3533
3107.2315890048467,3709.1267
3107.232977887504,3689.249
3107.2343667701616,3691.4675
3107.2357556528186,3678.543
3107.237144535011,3700.5842
3107.238533417668,3704.8875
3107.239922300326,3680.8232
3107.241311182983,3696.4604
3107.2427000656403,3696.4719
3107.2440889482987,3688.1069
3107.24547783049,3666.7507
3107.2468667131475,3693.0049
3107.2482555958054,3687.8044
3107.2496444784633,3677.2825
3107.251033360655,3704.9172
3107.252422243312,3692.834
3107.2538111259696,3690.7646
3107.255200008626,3686.8381
3107.2565888912836,3693.3682
3107.257977773476,3686.6069
3107.2593666561334,3689.0815
3107.2607555387904,3705.1958
3107.2621444214483,3724.0071
3107.263533303641,3685.3154
3107.2649221862985,3713.5173
3107.2663110689555,3685.5598
3107.2676999516134,3687.5059
3107.2690888338047,3695.3655
3107.270477716462,3700.9971
3107.2718665991206,3685.5801
3107.273255481777,3693.4421
3107.274644363968,3718.4829
3107.276033246626,3666.8545
3107.277422129284,3694.9482
3107.278811011941,3714.876
3107.280199894133,3696.2983
3107.281588776791,3711.0684
3107.282977659448,3699.1716
3107.2843665421055,3702.7458
3107.285755424298,3696.5833
3107.2871443069553,3700.2197
3107.2885331896123,3697.3521
3107.2899220718045,3708.2773
3107.291310954463,3682.8213
3107.2926998371195,3706.4121
3107.294088719776,3680.8108
3107.2954776019683,3694.3369
3107.2968664846258,3681.2974
3107.2982553672828,3683.8215
3107.2996442494755,3701.7292
3107.301033132133,3677.0334
3107.30242201479,3710.6646
3107.303810896982,3683.1008
3107.30519977964,3695.6736
3107.306588662297,3683.0959
3107.307977544955,3685.5586
3107.3093664271473,3680.5151
3107.3107553098043,3674.3086
3107.3121441924613,3687.8643
3107.3135330746527,3690.915
3107.3149219573097,3684.8633
3107.316310839967,3689.7178
3107.31769972216,3692.9116
3107.319088604818,3675.5576
3107.320477487475,3691.4785
3107.3218663696666,3695.9392
3107.3232552523245,3684.5791
3107.3246441345163,3687.2173
3107.3260330171734,3691.7024
3107.3274218998317,3694.4136
3107.3288107820235,3699.6548
3107.3301996646805,3682.3875
3107.3315885473376,3702.709
3107.3329774295294,3695.4622
3107.334366312187,3701.0095
3107.335755194844,3698.2725
3107.3371440770366,3694.9995
3107.338532959694,3718.2788
3107.3399218418854,3706.2654
3107.3413107245433,3699.1467
3107.3426996072003,3699.647
3107.3440884893926,3675.3894
3107.3454773720505,3685.1753
3107.3468662542427,3704.9988
3107.3482551368998,3695.0015
3107.349644019557,3696.2388
3107.351032901749,3716.4358
3107.352421784405,3705.8354
3107.3538106665974,3692.7466
3107.3551995492553,3681.7166
3107.3565884319123,3679.387
3107.357977314104,3685.6438
3107.359366196762,3692.6528
3107.3607550789543,3687.7083
3107.3621439616118,3678.2783
3107.3635328442692,3680.8696
3107.3649217264615,3715.6941
3107.366310609119,3699.2612
3107.3676994913103,3691.2581
3107.369088373968,3713.1194
3107.370477256159,3694.2173
3107.3718661388157,3700.5073
3107.3732550210084,3681.76
3107.3746439036663,3688.0198
3107.376032786324,3694.8687
3107.377421668515,3691.5459
3107.378810551173,3689.3264
3107.380199433365,3696.5632
3107.3815883160223,3676.7646
3107.3829771982146,3677.7517
3107.3843660808716,3696.1353
3107.3857549630634,3692.9216
3107.3871438457213,3682.6626
3107.388532727913,3708.6016
3107.3899216105697,3687.4988
3107.391310493227,3693.0171
3107.3926993754194,3680.0898
3107.3940882580764,3684.0852
3107.395477140268,3688.6394
3107.396866022926,3697.8684
3107.398254905118,3697.4868
3107.3996437877754,3692.8899
3107.4010326699677,3686.364
3107.402421552625,3671.2903
3107.4038104348165,3701.6755
3107.4051993174744,3705.4612
3107.4065881996667,3680.7834
3107.407977082324,3694.6482
3107.409365964515,3713.9746
3107.4107548471725,3679.606
3107.4121437293643,3712.2129
3107.4135326120213,3705.3379
3107.4149214942136,3692.51
3107.4163103764054,3686.6218
3107.417699259063,3697.8044
3107.419088141255,3701.8684
3107.420477023913,3701.1133
3107.4218659061044,3677.6716
3107.423254788762,3698.0764
3107.424643670954,3683.356
3107.4260325536115,3686.2041
3107.4274214358034,3685.1147
3107.4288103184613,3690.7568
3107.430199200652,3702.0547
3107.4315880833087,3675.0671
3107.432976965501,3665.6594
3107.4343658476937,3673.7249
3107.4357547303507,3679.8677
3107.4371436125425,3699.876
3107.4385324952004,3702.8892
3107.4399213773922,3700.3708
3107.4413102600492,3720.1602
3107.4426991422415,3699.4216
3107.444088024899,3688.9788
3107.445476907091,3704.1528
3107.446865789283,3697.7991
3107.448254671941,3698.2605
3107.449643554132,3692.6284
3107.4510324367884,3689.2837
3107.4524213189807,3695.2615
3107.453810201173,3690.1062
3107.45519908383,3692.5352
3107.456587966022,3688.0649
3107.457976848679,3681.3167
3107.459365730871,3695.3484
3107.4607546130633,3705.8914
3107.4621434957216,3694.7808
3107.463532377913,3683.3916
3107.4649212605705,3693.3877
3107.4663101427627,3683.3167
3107.4676990249545,3687.9531
3107.4690879076106,3689.4321
3107.470476789803,3692.0444
3107.47186567246,3689.5063
3107.4732545546517,3696.3875
3107.474643436844,3692.6113
3107.476032319502,3706.6995
3107.4774212016937,3674.416
3107.478810083885,3698.916
3107.480198966543,3704.9065
3107.481587848735,3689.7061
3107.4829767309266,3699.2236
3107.4843656135845,3696.3394
3107.485754495776,3719.0544
3107.4871433784333,3708.2722
3107.488532260625,3684.4697
3107.4899211428165,3691.3816
3107.4913100254744,3685.0251
3107.4926989076657,3698.5332
3107.494087789858,3703.0376
3107.495476672515,3698.7051
3107.496865554707,3695.4736
3107.4982544368995,3704.428
3107.4996433195565,3687.8223
3107.5010322017483,3677.4233
3107.5024210839406,3695.2085
3107.5038099665985,3695.9233
3107.5051988487903,3679.7517
3107.5065877309817,3691.46
3107.507976613174,3692.8096
3107.50936549583,3678.8833
3107.510754378022,3723.2859
3107.512143260214,3670.5305
3107.5135321428716,3698.7324
3107.514921025063,3698.0818
3107.516309907255,3683.5083
3107.517698789913,3703.3542
3107.5190876721044,3702.0869
3107.5204765542967,3697.1626
3107.521865436489,3676.7717
3107.523254319146,3683.6301
3107.524643201338,3679.3828
3107.5260320835305,3711.4949
3107.527420966187,3682.6704
3107.528809848378,3710.9434
3107.53019873057,3708.7053
3107.5315876127615,3698.7056
3107.532976495419,3687.1191
3107.5343653776117,3686.5596
3107.535754259804,3700.2812
3107.5371431419953,3697.6162
3107.538532024653,3703.0176
3107.539920906845,3659.4104
3107.541309789037,3669.2356
3107.542698671228,3697.0278
3107.544087553886,3700.0632
3107.5454764360784,3702.7324
3107.546865318269,3692.3259
3107.5482542004606,3675.9348
3107.5496430831186,3674.2854
3107.5510319653104,3686.1426
3107.5524208475017,3697.8579
3107.5538097296944,3700.4189
3107.555198612352,3695.0903
3107.5565874945432,3688.2373
3107.5579763767355,3700.573
3107.559365258927,3675.4097
3107.5607541415843,3693.9812
3107.562143023777,3686.5132
3107.5635319059693,3694.4963
3107.5649207881606,3684.489
3107.566309670352,3710.9507
3107.567698553009,3714.27
3107.5690874352003,3691.8948
3107.5704763173926,3701.0764
3107.571865199585,3678.9072
3107.573254081776,3686.9485
3107.5746429644337,3682.436
3107.576031846626,3685.7544
3107.577420728818,3709.8052
3107.57880961101,3697.261
3107.5801984932014,3697.6917
3107.5815873758597,3702.3162
3107.5829762580515,3677.415
3107.584365140243,3697.7729
3107.5857540224342,3698.9697
3107.5871429046256,3688.176
3107.588531786817,3699.3347
3107.5899206694753,3691.8726
3107.5913095516676,3698.9956
3107.5926984338594,3674.7959
3107.5940873160507,3685.4199
3107.595476198243,3700.6553
3107.5968650804343,3709.5369
3107.5982539630922,3713.4849
3107.5996428452845,3681.3296
3107.601031727476,3705.1531
3107.6024206096677,3707.4407
3107.60380949186,3686.052
3107.6051983740517,3703.0408
3107.6065872562426,3697.5398
3107.6079761389,3704.3364
3107.6093650210923,3707.5708
3107.6107539032837,3707.9878
3107.6121427854755,3702.4663
3107.6135316676678,3691.0071
3107.6149205498596,3689.8816
3107.616309432051,3684.2524
3107.6176983142436,3690.3357
3107.619087196901,3695.6436
3107.6204760790924,3674.6394
3107.6218649612847,3695.4871
3107.623253843477,3694.0771
3107.624642725668,3703.7278
3107.6260316078587,3695.0046
3107.6274204900515,3694.8215
3107.6288093722433,3677.3066
3107.6301982544346,3684.614
3107.6315871370925,3712.7178
3107.632976019284,3696.1982
3107.634364901476,3677.2822
3107.6357537836684,3688.7375
3107.6371426658607,3695.8684
3107.638531548052,3671.9072
3107.639920430244,3700.4141
3107.641309312436,3685.782
3107.642698194628,3698.7183
3107.6440870768192,3697.4004
3107.6454759590106,3682.6501
3107.646864841202,3692.3042
3107.6482537238594,3691.3882
3107.6496426060517,3694.7512
3107.651031488244,3696.4392
3107.6524203704357,3682.407
3107.6538092526275,3696.8364
3107.65519813482,3695.4697
3107.6565870170116,3690.3198
3107.657975899203,3680.8936
3107.659364781395,3701.3286
3107.660753663587,3679.3689
3107.662142545779,3683.3096
3107.66353142797,3699.3005
3107.664920310162,3708.0012
3107.6663091923538,3699.5471
3107.667698074545,3683.4294
3107.6690869567374,3683.2991
3107.670475838929,3681.7412
3107.671864721121,3693.3755
3107.6732536033132,3697.1545
3107.6746424855046,3712.9875
3107.6760313676964,3702.7952
3107.6774202498887,3692.9299
3107.6788091320814,3688.803
3107.6801980142727,3669.3599
3107.6815868964645,3682.928
3107.6829757786563,3690.3892
3107.6843646608468,3721.0625
3107.6857535435042,3689.1924
3107.6871424256965,3677.6938
3107.6885313078883,3695.6028
3107.68992019008,3681.5793
3107.6913090722724,3666.2698
3107.692697953999,3684.4033
3107.6940868361908,3679.7026
3107.695475718382,3697.1687
3107.6968646005744,3701.8479
3107.6982534827666,3693.6516
3107.699642364958,3669.4167
3107.7010312471502,3676.7388
3107.7024201293416,3670.3213
3107.703809011533,3663.0376
3107.7051978937243,3669.687
3107.706586775916,3665.7263
3107.707975658108,3637.3123
3107.7093645403,3650.6863
3107.7107534224924,3649.5408
3107.7121423046838,3640.895
3107.7135311868756,3636.0283
3107.714920069068,3631.4709
3107.7163089512596,3631.4595
3107.7176978334514,3640.4812
3107.7190867156437,3639.1191
3107.7204755978355,3635.21
3107.721864480027,3629.5981
3107.723253362218,3632.1013
3107.7246422444105,3644.7737
3107.726031126602,3652.0356
3107.7274200087936,3626.3823
3107.728808890986,3626.501
3107.7301977731777,3637.1448
3107.7315866549034,3637.3196
3107.7329755370956,3621.1035
3107.7343644192874,3630.3066
3107.7357533014792,3618.6406
3107.7371421836715,3625.8213
3107.7385310658638,3637.2874
3107.739919948055,3618.1545
3107.741308830247,3615.7986
3107.7426977124387,3628.2693
3107.74408659463,3636.5911
3107.7454754768214,3617.2327
3107.7468643590137,3649.0654
3107.7482532407394,3624.7754
3107.749642122931,3631.5034
3107.7510310051234,3639.7791
3107.752419887316,3662.2727
3107.7538087695075,3661.3081
3107.7551976516993,3654.312
3107.7565865338916,3651.384
3107.7579754160834,3655.3098
3107.7593642982747,3666.1733
3107.7607531800013,3666.5891
3107.7621420621927,3679.2896
3107.7635309443835,3675.9819
3107.764919826576,3677.0867
3107.766308708768,3705.0718
3107.76769759096,3693.073
3107.769086473151,3694.0945
3107.7704753553435,3702.9932
3107.77186423707,3690.5352
3107.7732531192614,3702.4849
3107.7746420014537,3693.054
3107.776030883645,3702.3369
3107.777419765837,3705.0193
3107.7788086480296,3691.2869
3107.780197530222,3707.2893
3107.781586411947,3684.5796
3107.782975294138,3706.6741
3107.78436417633,3705.7156
3107.7857530585215,3680.3013
3107.7871419407134,3672.8252
3107.788530822906,3680.8516
3107.7899197046318,3690.5134
3107.7913085868236,3704.1953
3107.792697469016,3697.1196
3107.7940863512076,3699.0132
3107.795475233399,3691.7444
3107.7968641155912,3702.5942
3107.7982529973183,3685.4258
3107.79964187951,3698.2971
3107.8010307617005,3674.7534
3107.8024196438923,3701.2275
3107.803808526084,3700.0833
3107.8051974082755,3697.4517
3107.806586290002,3697.3896
3107.8079751721943,3686.4512
3107.8093640543857,3699.7058
3107.810752936578,3692.4292
3107.81214181877,3694.6755
3107.813530700496,3688.4016
3107.814919582688,3699.8049
3107.8163084648804,3691.2368
3107.8176973470718,3691.3022
3107.8190862292636,3697.0068
3107.8204751109897,3687.8745
3107.82186399318,3699.0525
3107.823252875372,3683.9565
3107.8246417575647,3690.1812
3107.8260306392913,3700.074
3107.8274195214826,3700.7473
3107.8288084036744,3692.4536
3107.8301972858667,3687.884
3107.8315861680585,3705.0137
3107.832975049784,3690.6562
3107.834363931977,3669.4651
3107.8357528141687,3693.9348
3107.83714169636,3677.0176
3107.8385305780866,3667.4224
3107.839919460278,3685.1768
3107.8413083424693,3720.0747
3107.8426972246607,3693.696
3107.8440861063877,3694.1028
3107.8454749885796,3695.4541
3107.846863870771,3684.981
3107.848252752963,3678.3467
3107.849641634689,3711.1089
3107.8510305168807,3673.407
3107.8524193990734,3687.9097
3107.8538082812656,3690.7996
3107.8551971629913,3702.5498
3107.856586045183,3692.0083
3107.8579749273754,3669.5078
3107.8593638095663,3698.8174
3107.860752691292,3696.9775
3107.862141573484,3697.9519
3107.8635304556756,3685.8816
3107.8649193374017,3687.718
3107.866308219594,3698.2896
3107.867697101786,3705.532
3107.869085983977,3683.6423
3107.8704748657037,3682.9644
3107.8718637478964,3703.1675
3107.8732526300882,3720.4907
3107.874641511814,3705.7854
3107.876030394006,3686.803
3107.8774192761975,3689.0598
3107.878808158389,3692.4368
3107.880197040115,3679.7788
3107.881585922307,3698.354
3107.882974804498,3693.7402
3107.884363686225,3688.0891
3107.885752568417,3685.4446
3107.8871414506084,3672.5308
3107.888530332335,3691.6489
3107.8899192145273,3688.9668
3107.8913080967186,3683.9722
3107.8926969784447,3701.2139
3107.894085860637,3685.1809
3107.895474742829,3699.2205
3107.8968636245545,3680.6799
3107.8982525067468,3680.3975
3107.899641388938,3674.8662
3107.901030270664,3705.5654
3107.9024191528556,3688.9583
3107.903808035048,3678.2878
3107.905196916774,3670.947
3107.9065857989654,3709.0857
3107.907974681158,3694.2512
3107.909363562884,3689.5046
3107.9107524450756,3690.6526
3107.912141327268,3682.9717
3107.9135302089944,3695.6475
3107.914919091186,3695.6074
3107.916307973378,3692.1155
3107.9176968551037,3673.1665
3107.919085737295,3696.5681
3107.9204746190208,3713.656
3107.921863501213,3693.1365
3107.9232523834044,3673.1179
3107.924641265131,3695.9822
3107.926030147323,3681.7449
3107.9274190295146,3697.5815
3107.9288079112407,3693.9209
3107.930196793433,3688.9243
3107.9315856751596,3691.1338
3107.9329745573514,3704.2764
3107.934363439543,3690.3147
3107.93575232127,3674.3352
3107.9371412034607,3678.894
3107.9385300856516,3685.1072
3107.939918967378,3689.5981
3107.94130784957,3682.97
3107.9426967312957,3682.5063
3107.9440856134884,3671.1868
3107.9454744956806,3682.272
3107.9468633774068,3679.6262
3107.948252259598,3688.6526
3107.9496411413247,3689.3347
3107.9510300235165,3672.334
3107.9524189052427,3714.7288
3107.953807787435,3691.873
3107.9551966696263,3679.3962
3107.9565855513524,3671.4746
3107.957974433544,3690.3293
3107.95936331527,3696.874
3107.9607521974617,3673.5964
3107.9621410796535,3694.0374
3107.96352996138,3673.063
3107.9649188435715,3690.7124
3107.9663077252976,3656.0652
3107.96769660749,3686.8062
3107.969085489216,3682.6587
3107.970474371408,3685.8889
3107.9718632536,3687.99
3107.9732521353267,3699.5234
3107.9746410175185,3693.2144
3107.976029899244,3711.3721
3107.9774187814355,3703.469
3107.978807663161,3707.147
3107.980196545353,3704.2664
3107.9815854270796,3673.8442
3107.9829743092714,3679.7217
3107.984363190997,3682.5439
3107.9857520731894,3682.645
3107.9871409553807,3707.563
3107.9885298371073,3679.8845
3107.9899187192996,3688.3894
3107.991307601026,3685.8115
3107.9926964832175,3679.9844
3107.9940853649437,3677.3611
3107.995474247136,3692.0586
3107.996863128861,3678.1238
3107.9982520110525,3689.4006
3107.999640892779,3699.9504
3108.0010297749704,3690.8184
3108.0024186566966,3697.1914
3108.003807538889,3692.9993
3108.005196420616,3699.9329
3108.0065853028073,3670.6719
3108.0079741845334,3691.8823
3108.0093630667257,3688.1238
3108.010751948452,3708.7417
3108.012140830643,3681.8701
3108.0135297123697,3676.7476
3108.0149185945615,3678.908
3108.016307476287,3695.9253
3108.0176963584786,3683.9468
3108.019085240205,3696.7891
3108.020474122397,3702.9451
3108.0218630041227,3670.4563
3108.023251886315,3679.428
3108.0246407680415,3692.5801
3108.026029650233,3705.9153
3108.0274185319595,3689.2437
3108.028807414151,3717.7163
3108.030196295877,3678.365
3108.0315851780692,3689.9536
3108.0329740597963,3716.113
3108.0343629419876,3675.48
3108.0357518237133,3668.7119
3108.037140705439,3693.696
3108.0385295876304,3698.4895
3108.0399184693565,3682.3025
3108.0413073515488,3679.8618
3108.042696233275,3718.2478
3108.0440851154667,3683.6982
3108.0454739971933,3693.8218
3108.046862879385,3689.2183
3108.048251761111,3697.5703
3108.049640643303,3672.8911
3108.0510295250297,3701.8811
3108.0524184067563,3696.4736
3108.0538072889476,3679.0107
3108.0551961706733,3705.3281
3108.0565850528646,3689.2832
3108.0579739345903,3680.3433
3108.0593628167826,3665.8618
3108.0607516985087,3689.3071
3108.0621405807005,3684.9609
3108.063529462427,3691.7419
3108.0649183441537,3701.5493
3108.066307226345,3687.8528
3108.0676961080712,3695.668
3108.069084990264,3705.9553
3108.0704738719896,3708.1848
3108.071862753716,3683.8508
3108.073251635908,3674.0247
3108.0746405176333,3677.7053
3108.076029399824,3684.0068
3108.0774182815508,3702.3127
3108.0788071637435,3692.489
3108.080196045469,3668.9001
3108.0815849271953,3688.2546
3108.0829738093876,3686.7549
3108.0843626911137,3690.7993
3108.085751573305,3683.1692
3108.0871404550317,3682.929
3108.0885293367583,3668.2629
3108.0899182189496,3685.7488
3108.091307100676,3709.7759
3108.092695982403,3698.1372
3108.0940848645937,3704.2275
3108.095473746319,3696.8723
3108.096862628511,3678.5125
3108.098251510238,3670.6726
3108.0996403919635,3684.0735
3108.1010292741557,3695.7759
3108.1024181558814,3679.9585
3108.1038070376076,3684.5388
3108.1051959198003,3683.7415
3108.106584801526,3643.0066
3108.107973683718,3709.2847
3108.1093625654444,3686.8669
3108.110751447171,3677.5144
3108.112140329363,3678.3855
3108.1135292110876,3669.8604
3108.114918092814,3701.521
3108.1163069750055,3692.3875
3108.1176958567316,3684.4211
3108.1190847384582,3677.4512
3108.12047362065,3684.9985
3108.1218625023757,3684.8301
3108.1232513841023,3676.4678
3108.124640266295,3654.8079
3108.126029148021,3689.4153
3108.1274180302125,3691.3396
3108.128806911939,3709.7961
3108.130195793665,3710.085
3108.1315846758566,
3108.132973557583,
3108.1343624393085,
3108.1357513215,
3108.1371402032264,
3108.138529084953,
3108.1399179666787,
3108.141306848871,
3108.1426957305976,
3108.1440846123232,
3108.145473494515,
3108.1468623762416,
3108.148251257968,
3108.149640140159,
3108.1510290218857,
3108.1524179036123,
3108.1538067858028,
3108.155195667529,
3108.1565845492555,
3108.1579734314473,
3108.159362313173,
3108.1607511949,
3108.162140076626,
3108.1635289588176,
3108.164917840544,
3108.16630672227,
3108.1676956044616,
3108.1690844861887,
3108.1704733679153,
3108.1718622496405,
3108.1732511318314,
3108.174640013558,
3108.1760288952837,
3108.1774177774755,
3108.1788066592026,
3108.1801955409283,
3108.1815844226544,
3108.1829733048467,
3108.1843621865733,
3108.1857510682994,
3108.187139950025,
3108.188528832218,
3108.189917713944,
3108.1913065956687,
3108.192695477395,
3108.1940843595867,
3108.1954732413124,
3108.196862123039,
3108.198251004766,
3108.199639886958,
3108.2010287686835,
3108.20241765041,
3108.203806532136,
3108.205195414328,
3108.2065842960546,
3108.2079731777803,
3108.2093620595065,
3108.2107509416983,
3108.212139823423,
3108.213528705149,
3108.2149175868763,
3108.216306468603,
3108.217695350794,
3108.2190842325203,
3108.220473114247,
3108.221861995973,
3108.2232508781644,
3108.2246397598915,
3108.2260286416176,
3108.2274175233433,
3108.22880640507,
3108.230195287262,
3108.2315841689874,
3108.2329730507126,
3108.2343619324397,
3108.235750814166,
3108.237139696357,
3108.238528578084,
3108.2399174598095,
3108.241306341536,
3108.2426952232627,
3108.244084105455,
3108.2454729871806,
3108.2468618689068,
3108.2482507506334,
3108.2496396323595,
3108.2510285140847,
3108.2524173962765,
3108.2538062780022,
3108.2551951597284,
3108.256584041455,
3108.2579729231816,
3108.2593618049077,
3108.2607506870995,
3108.262139568826,
3108.2635284505523,
3108.264917332278,
3108.2663062140045,
3108.2676950957302,
3108.2690839779225,
3108.270472859648,
3108.271861741374,
3108.2732506230996,
3108.274639504826,
3108.2760283865528,
3108.2774172687446,
3108.2788061504707,
3108.2801950321973,
3108.281583913923,
3108.282972795649,
3108.2843616773757,
3108.285750559102,
3108.287139441293,
3108.2885283230203,
3108.2899172047464,
3108.291306086471,
3108.2926949681973,
3108.294083849924,
3108.29547273165,
3108.296861613376,
3108.2982504955685,
3108.2996393772946,
3108.3010282590203,
3108.302417140747,
3108.3038060224735,
3108.3051949041997,
3108.306583785926,
3108.3079726676524,
3108.3093615493776,
3108.3107504315685,
3108.312139313295,
3108.313528195021,
3108.3149170767474,
3108.316305958474,
3108.3176948401997,
3108.319083721926,
3108.3204726036524,
3108.321861485379,
3108.323250367105,
3108.324639249297,
3108.3260281310236,
3108.3274170127497,
3108.3288058944745,
3108.3301947762006,
3108.331583657927,
3108.3329725396525,
3108.3343614213795,
3108.335750303106,
3108.3371391848323,
3108.338528066558,
3108.3399169482846,
3108.3413058300107,
3108.3426947122025,
3108.344083593929,
3108.345472475655,
3108.346861357381,
3108.348250239107,
3108.3496391208328,
3108.351028002559,
3108.352416884285,
3108.3538057660116,
3108.3551946477373,
3108.3565835294635,
3108.35797241119,
3108.359361292916,
3108.3607501746424,
3108.362139056369,
3108.363527938095,
3108.364916819821,
3108.3663057015474,
3108.367694583273,
3108.3690834654644,
3108.3704723471906,
3108.371861228917,
3108.3732501106433,
3108.374638992369,
3108.3760278740956,
3108.3774167558217,
3108.378805637548,
3108.3801945192745,
3108.381583401001,
3108.3829722827268,
3108.384361164453,
3108.38575004618,
3108.387138927905,
3108.3885278096304,
3108.389916691357,
3108.3913055730827,
3108.392694454809,
3108.3940833365355,
3108.3954722182625,
3108.396861099988,
3108.3982499817143,
3108.399638863441,
3108.401027745167,
3108.402416626893,
3108.4038055086194,
3108.4051943903455,
3108.4065832720707,
3108.407972153797,
3108.409361035523,
3108.4107499172487,
3108.4121387989753,
3108.413527680702,
3108.4149165624285,
3108.416305444154,
3108.417694325881,
3108.4190832076065,
3108.4204720893326,
3108.4218609710592,
3108.4232498527854,
3108.4246387345115,
3108.4260276162377,
3108.4274164979633,
3108.428805379689,
3108.430194261415,
3108.4315831431422,
3108.432972024868,
3108.434360906594,
3108.4357497883207,
3108.437138669581,
3108.438527551307,
3108.4399164330334,
3108.44130531476,
3108.4426941964866,
3108.4440830782123,
3108.445471959938,
3108.4468608416637,
3108.4482497233894,
3108.449638605116,
3108.4510274868426,
3108.4524163685683,
3108.453805250295,
3108.4551941320206,
3108.4565830137467,
3108.4579718954733,
3108.4593607772003,
3108.460749658926,
3108.462138540652,
3108.463527421913,
3108.4649163036383,
3108.4663051853636,
3108.4676940670906,
3108.4690829488163,
3108.4704718305425,
3108.471860712269,
3108.4732495939957,
3108.474638475722,
3108.4760273574475,
3108.477416239174,
3108.4788051209007,
3108.4801940026264,
3108.4815828838873,
3108.482971765613,
3108.4843606473387,
3108.4857495290644,
3108.487138410791,
3108.4885272925176,
3108.4899161742433,
3108.49130505597,
3108.4926939376955,
3108.4940828194217,
3108.4954717011487,
3108.4968605824088,
3108.498249464135,
3108.4996383458615,
3108.5010272275877,
3108.5024161093133,
3108.50380499104,
3108.5051938727665,
3108.5065827544913,
3108.5079716362175,
3108.5093605174784,
3108.5107493992045,
3108.5121382809302,
3108.513527162657,
3108.5149160443834,
3108.516304926109,
3108.5176938078357,
3108.5190826895623,
3108.5204715708223,
3108.521860452549,
3108.5232493342755,
3108.5246382160008,
3108.526027097726,
3108.5274159794526,
3108.5288048611783,
3108.5301937429044,
3108.531582624166,
3108.5329715058915,
3108.5343603876177,
3108.5357492693443,
3108.537138151071,
3108.538527032797,
3108.5399159145227,
3108.5413047957836,
3108.54269367751,
3108.544082559235,
3108.545471440961,
3108.5468603226873,
3108.548249204413,
3108.5496380861396,
3108.551026967401,
3108.552415849127,
3108.553804730853,
3108.5551936125794,
3108.556582494305,
3108.557971376031,
3108.5593602572926,
3108.5607491390183,
3108.5621380207444,
3108.5635269024706,
3108.5649157841963,
3108.566304665922,
3108.567693547183,
3108.5690824289095,
3108.570471310635,
3108.5718601923613,
3108.573249074088,
3108.5746379553484,
3108.576026837074,
3108.5774157188007,
3108.5788046005273,
3108.580193482253,
3108.5815823639796,
3108.5829712452396,
3108.5843601269653,
3108.585749008691,
3108.587137890418,
3108.588526772144,
3108.589915653404,
3108.591304535131,
3108.5926934168565,
3108.5940822985826,
3108.5954711803097,
3108.5968600615706,
3108.5982489432963,
3108.5996378250225,
3108.601026706749,
3108.6024155884743,
3108.6038044697343,
3108.605193351461,
3108.6065822331866,
3108.6079711149127,
3108.6093599966393,
3108.6107488779003,
3108.6121377596264,
3108.613526641352,
3108.614915523079,
3108.6163044043396,
3108.6176932860653,
3108.619082167792,
3108.6204710495176,
3108.6218599312433,
3108.6232488125033,
3108.62463769423,
3108.6260265759556,
3108.627415457682,
3108.628804338943,
3108.630193220669,
3108.6315821023954,
3108.632970984122,
3108.6343598658477,
3108.635748747108,
3108.637137628835,
3108.638526510561,
3108.6399153922866,
3108.6413042735476,
3108.6426931552733,
3108.644082036999,
3108.645470918725,
3108.646859799986,
3108.648248681712,
3108.649637563438,
3108.651026445165,
3108.6524153264254,
3108.653804208151,
3108.6551930898777,
3108.6565819716034,
3108.6579708528643,
3108.659359734591,
3108.6607486163166,
3108.6621374980423,
3108.6635263793023,
3108.664915261029,
3108.6663041427546,
3108.667693024481,
3108.669081905742,
3108.670470787468,
3108.671859669194,
3108.673248550455,
3108.6746374321815,
3108.6760263139076,
3108.6774151956333,
3108.6788040768947,
3108.68019295862,
3108.681581840345,
3108.682970722072,
3108.6843596033323,
3108.685748485058,
3108.687137366785,
3108.6885262480455,
3108.689915129771,
3108.691304011498,
3108.6926928932244,
3108.6940817744844,
3108.695470656211,
3108.6968595379376,
3108.6982484191976,
3108.6996373009233,
3108.701026182649,
3108.7024150643747,
3108.7038039456356,
3108.705192827362,
3108.706581709089,
3108.707970590349,
3108.709359472075,
3108.7107483538016,
3108.712137235062,
3108.7135261167878,
3108.714914998515,
3108.716303880241,
3108.717692761501,
3108.7190816432267,
3108.720470524953,
3108.7218594062133,
3108.7232482879394,
3108.724637169666,
3108.7260260509265,
3108.727414932652,
3108.728803814379,
3108.730192695639,
3108.7315815773654,
